ads_monthly_trend.year,ads_monthly_trend.month,ads_monthly_trend.ym,ads_monthly_trend.order_cnt,ads_monthly_trend.gmv,ads_monthly_trend.customer_cnt
2016,9,2016-09,2,207.86,2
2016,10,2016-10,290,44507.3,290
2016,12,2016-12,1,10.9,1
2017,1,2017-01,787,120098.27,787
2017,2,2017-02,1718,244959.35,1718
2017,3,2017-03,2617,368341.32,2617
2017,4,2017-04,2377,353842.98,2377
2017,5,2017-05,3640,503159.19,3640
2017,6,2017-06,3205,429916.61,3205
2017,7,2017-07,3946,492287.3,3946
2017,8,2017-08,4272,568245.79,4272
2017,9,2017-09,4227,621415.91,4227
2017,10,2017-10,4547,660179.62,4547
2017,11,2017-11,7421,1003862.14,7421
2017,12,2017-12,5618,742183.79,5618
2018,1,2018-01,7187,945456.29,7187
2018,2,2018-02,6624,837895.43,6624
2018,3,2018-03,7168,981051.06,7168
2018,4,2018-04,6919,993592.98,6919
2018,5,2018-05,6833,992871.75,6833
2018,6,2018-06,6145,863265.53,6145
2018,7,2018-07,6233,878044.27,6233
2018,8,2018-08,6421,848860.1,6421
2018,9,2018-09,1,145.0,1
