ads_category_rank.rank_no,ads_category_rank.product_category,ads_category_rank.order_cnt,ads_category_rank.item_cnt,ads_category_rank.sales_amount,ads_category_rank.avg_price
1,health_beauty,8800,9634,1255695.13,130.34
2,watches_gifts,5604,5970,1198185.21,200.7
3,bed_bath_table,9399,11097,1035964.06,93.36
4,sports_leisure,7673,8590,979740.92,114.06
5,computers_accessories,6654,7781,904322.02,116.22
6,furniture_decor,6425,8298,727465.05,87.67
7,housewares,5847,6915,626825.8,90.65
8,cool_stuff,3616,3779,620770.49,164.27
9,auto,3872,4204,586585.73,139.53
10,garden_tools,3505,4328,481009.94,111.14
11,toys,3855,4083,479808.54,117.51
12,baby,2868,3043,410312.2,134.84
13,perfumery,3146,3402,396599.31,116.58
14,telephony,4183,4527,322342.64,71.2
15,office_furniture,1272,1690,273580.7,161.88
16,stationery,2299,2505,229593.84,91.65
17,computers,181,203,222963.13,1098.34
18,pet_shop,1706,1942,213766.63,110.08
19,small_appliances,622,671,187907.26,280.04
20,musical_instruments,620,669,187788.44,280.7
